City_ID,City,Country,Lat,Lng,Max Temp,Humidity,Cloudiness,Wind Speed,Current Description
0,New Norfolk,AU,-42.7826,147.0587,53.74,80,79,0.92,broken clouds
1,Vestmannaeyjar,IS,63.4427,-20.2734,54.59,47,0,3.44,clear sky
2,Albany,US,42.6001,-73.9662,64.81,82,100,2.42,light rain
3,Pidhorodna,UA,48.107,30.8895,57.99,44,3,7.16,clear sky
4,Belmonte,BR,-15.8631,-38.8828,84.2,66,33,13.33,scattered clouds
5,Bluff,NZ,-46.6,168.3333,45.81,84,100,18.54,moderate rain
6,Buala,SB,-8.145,159.5921,79.11,84,17,3.18,few clouds
7,Ribeira Grande,PT,38.5167,-28.7,75.6,83,40,11.5,scattered clouds
8,Hasaki,JP,35.7333,140.8333,63.0,80,0,10.25,clear sky
9,Kahului,US,20.8947,-156.47,77.85,83,75,0.0,broken clouds
10,Yellowknife,CA,62.456,-114.3525,47.41,67,25,8.99,scattered clouds
11,Mastic Beach,US,40.7668,-72.8521,76.57,69,1,5.01,clear sky
12,Punta Arenas,CL,-53.15,-70.9167,48.31,57,20,31.07,light rain
13,Roald,NO,62.5833,6.1333,61.72,55,40,9.22,scattered clouds
14,Bengkulu,ID,-3.8004,102.2655,77.16,90,92,7.49,overcast clouds
15,Ushuaia,AR,-54.8,-68.3,47.86,53,75,10.36,broken clouds
16,Sur,OM,22.5667,59.5289,85.57,71,100,18.79,overcast clouds
17,Mahebourg,MU,-20.4081,57.7,73.26,94,75,10.36,light rain
18,Beyneu,KZ,45.3167,55.2,56.86,27,13,7.96,few clouds
19,Padang,ID,-0.9492,100.3543,78.85,87,97,3.6,overcast clouds
20,Naze,JP,28.3667,129.4833,77.99,61,0,17.6,clear sky
21,Sao Filipe,CV,14.8961,-24.4956,80.35,77,45,6.87,scattered clouds
22,Kapaa,US,22.0752,-159.319,75.52,85,75,11.5,light rain
23,Kumluca,TR,36.3703,30.2869,78.1,50,0,5.7,clear sky
24,Barrow,US,71.2906,-156.7887,28.42,80,90,10.36,light snow
25,Zhigansk,RU,66.7697,123.3711,26.31,83,26,5.66,scattered clouds
26,Vaini,TO,-21.2,-175.2,73.56,88,75,10.36,broken clouds
27,Korla,CN,41.7597,86.1469,53.82,27,33,6.93,scattered clouds
28,Isangel,VU,-19.55,169.2667,77.11,83,13,3.44,few clouds
29,Raudeberg,NO,61.9875,5.1352,60.58,66,100,8.99,overcast clouds
30,Labrea,BR,-7.2586,-64.7981,94.75,42,58,3.96,broken clouds
31,Rikitea,PF,-23.1203,-134.9692,72.88,63,6,17.13,clear sky
32,Sochaczew,PL,52.2294,20.2384,65.19,55,40,13.44,scattered clouds
33,Hermanus,ZA,-34.4187,19.2345,59.81,62,64,9.24,broken clouds
34,Plettenberg Bay,ZA,-34.0527,23.3716,57.85,60,16,11.39,few clouds
35,Hithadhoo,MV,-0.6,73.0833,84.11,73,62,14.61,broken clouds
36,Cape Town,ZA,-33.9258,18.4232,64.11,51,20,20.71,few clouds
37,Haines Junction,CA,60.7522,-137.5108,31.95,93,100,4.61,light snow
38,Sao Joao Da Barra,BR,-21.6403,-41.0511,84.29,76,29,9.48,scattered clouds
39,Mar Del Plata,AR,-38.0023,-57.5575,55.99,56,40,21.99,scattered clouds
40,Watsa,CD,3.0372,29.5355,70.65,85,100,1.74,overcast clouds
41,Glencoe,ZA,-28.1783,30.147,49.46,82,100,8.93,overcast clouds
42,Loa Janan,ID,-0.583,117.095,74.26,98,88,2.15,light rain
43,Juneau,US,58.3019,-134.4197,40.21,95,75,11.5,light rain
44,Busselton,AU,-33.65,115.3333,48.09,64,97,1.74,overcast clouds
45,Ivanovka,KG,42.8878,75.085,45.03,42,100,1.95,overcast clouds
46,Gizo,SB,-8.103,156.8419,81.91,76,93,6.06,overcast clouds
47,Laguna,US,38.421,-121.4238,75.04,61,1,3.44,clear sky
48,Jamestown,US,42.097,-79.2353,66.33,98,90,1.99,moderate rain
49,Kruisfontein,ZA,-34.0033,24.7314,57.88,52,36,18.21,scattered clouds
50,Caluquembe,AO,-13.7833,14.6833,84.65,18,51,11.54,broken clouds
51,Cidreira,BR,-30.1811,-50.2056,67.33,82,100,5.75,overcast clouds
52,Baruun-Urt,MN,46.6806,113.2792,34.59,88,11,3.98,few clouds
53,Upernavik,GL,72.7868,-56.1549,32.85,64,100,3.6,overcast clouds
54,Progreso,MX,21.2833,-89.6667,86.11,69,41,8.5,scattered clouds
55,Ballina,AU,-28.8667,153.5667,61.79,54,4,4.79,clear sky
56,Tuktoyaktuk,CA,69.4541,-133.0374,33.8,100,90,19.57,overcast clouds
57,Shimoda,JP,34.6667,138.95,67.1,84,23,3.15,few clouds
58,Aksu,CN,41.1231,80.2644,54.1,52,63,12.03,broken clouds
59,Saskylakh,RU,71.9167,114.0833,12.81,95,58,6.69,broken clouds
60,Beringovskiy,RU,63.05,179.3167,37.87,99,100,2.55,overcast clouds
61,Dingle,PH,10.9995,122.6711,76.35,94,100,4.99,light rain
62,Norman Wells,CA,65.282,-126.8329,35.64,100,90,17.27,light rain
63,Vostok,RU,46.4856,135.8833,46.04,97,34,6.02,scattered clouds
64,Zapolyarnyy,RU,69.4154,30.8136,47.48,78,57,18.01,broken clouds
65,Butaritari,KI,3.0707,172.7902,81.55,70,96,15.41,overcast clouds
66,Thompson,CA,55.7435,-97.8558,46.56,100,90,3.44,fog
67,Hobart,AU,-42.8794,147.3294,54.1,90,90,4.61,overcast clouds
68,Guerrero Negro,MX,27.9769,-114.0611,74.34,69,52,5.35,broken clouds
69,Launceston,AU,-41.45,147.1667,55.04,87,90,8.05,overcast clouds
70,Port Lincoln,AU,-34.7333,135.8667,53.62,67,5,26.15,clear sky
71,Vila Franca Do Campo,PT,37.7167,-25.4333,73.81,71,94,3.53,overcast clouds
72,Alugan,PH,12.2188,125.4808,79.7,86,100,7.94,moderate rain
73,Coihaique,CL,-45.5752,-72.0662,48.81,57,90,5.75,light intensity shower rain
74,Avarua,CK,-21.2078,-159.775,73.45,78,40,9.22,scattered clouds
75,Airai,TL,-8.9266,125.4092,60.06,86,62,0.54,broken clouds
76,Santa Fe,AR,-31.6333,-60.7,64.02,36,84,5.01,broken clouds
77,Nikolskoye,RU,59.7035,30.7861,56.39,71,2,8.46,clear sky
78,Oksfjord,NO,70.2396,22.3479,53.67,81,100,12.44,overcast clouds
79,Longyearbyen,SJ,78.2186,15.6401,39.04,87,75,8.05,light rain
80,Pisco,PE,-13.7,-76.2167,63.01,84,99,4.36,overcast clouds
81,Kavieng,PG,-2.5744,150.7967,81.43,73,13,5.53,few clouds
82,Ambon,ID,-3.6954,128.1814,75.34,94,40,9.22,scattered clouds
83,Whitefish,US,48.4111,-114.3376,50.76,93,40,0.0,scattered clouds
84,Mosquera,CO,4.7059,-74.2302,64.49,52,20,6.91,few clouds
85,Novoraychikhinsk,RU,49.7798,129.594,34.86,81,0,8.14,clear sky
86,Torbay,CA,47.6666,-52.7314,61.75,68,75,4.61,broken clouds
87,Bredasdorp,ZA,-34.5322,20.0403,59.29,63,70,11.9,light rain
88,Bambanglipuro,ID,-7.95,110.2833,58.6,82,27,2.89,scattered clouds
89,Mataura,NZ,-46.1927,168.8643,45.48,92,100,5.55,moderate rain
90,Cherskiy,RU,68.75,161.3,18.09,97,99,4.45,light snow
91,Acapulco,MX,16.8634,-99.8901,84.02,74,20,4.61,few clouds
92,Vanimo,PG,-2.6741,141.3028,77.63,85,96,2.86,overcast clouds
93,Gravelbourg,CA,49.8834,-106.5512,59.27,28,8,8.7,clear sky
94,Mopipi,BW,-21.1833,24.8833,90.25,7,0,8.79,clear sky
95,Port Hedland,AU,-20.3167,118.5667,66.25,77,0,8.05,clear sky
96,Cockburn Town,TC,21.4612,-71.1419,83.57,67,100,17.67,overcast clouds
97,Saravena,CO,6.9538,-71.8752,82.49,68,80,3.42,broken clouds
98,Kaitangata,NZ,-46.2817,169.8464,48.92,78,100,11.32,moderate rain
99,Tacarigua,VE,10.0862,-67.9198,83.26,64,33,3.02,scattered clouds
100,Antofagasta,CL,-23.65,-70.4,58.28,62,27,11.74,scattered clouds
101,Tasiilaq,GL,65.6145,-37.6368,39.36,53,0,7.34,clear sky
102,Kaohsiung,TW,22.6163,120.3133,84.15,85,40,4.0,scattered clouds
103,Luderitz,NA,-26.6481,15.1594,65.91,48,0,31.45,clear sky
104,College,US,64.8569,-147.8028,34.59,96,90,4.61,light snow
105,Puerto Madryn,AR,-42.7692,-65.0385,56.61,35,1,16.55,clear sky
106,Vardo,NO,70.3705,31.1107,50.2,76,0,29.93,clear sky
107,Poum,NC,-20.2333,164.0167,74.88,87,43,16.15,scattered clouds
108,Kamenka,RU,51.3223,42.7678,52.25,57,72,7.23,broken clouds
109,Bathsheba,BB,13.2167,-59.5167,90.21,62,40,24.16,scattered clouds
110,Luoyang,CN,34.6836,112.4536,72.36,93,90,4.5,light rain
111,Westport,US,41.1415,-73.3579,75.97,72,1,1.99,clear sky
112,Pangnirtung,CA,66.1451,-65.7125,41.65,61,31,3.65,scattered clouds
113,Puerto Ayora,EC,-0.7393,-90.3518,71.85,79,52,11.16,broken clouds
114,Atuona,PF,-9.8,-139.0333,77.11,72,57,17.47,broken clouds
115,High Level,CA,58.5169,-117.136,40.08,60,48,8.25,scattered clouds
116,Tiznit,MA,29.5833,-9.5,76.77,32,0,10.25,clear sky
117,Muros,ES,42.7762,-9.0603,67.98,59,4,10.25,clear sky
118,Castro,BR,-24.7911,-50.0119,63.19,98,100,6.2,moderate rain
119,Gemena,CD,3.25,19.7667,82.24,66,100,1.77,overcast clouds
120,Trelew,AR,-43.249,-65.3051,58.08,29,2,16.26,clear sky
121,Jiaocheng,CN,24.6774,116.1389,76.3,83,0,2.1,clear sky
122,Arraial Do Cabo,BR,-22.9661,-42.0278,75.06,88,75,14.97,broken clouds
123,Kallaste,EE,58.655,27.1592,53.83,79,100,19.35,overcast clouds
124,Pevek,RU,69.7008,170.3133,22.87,91,99,10.63,overcast clouds
125,Bafata,GW,12.1667,-14.75,86.14,67,100,4.76,overcast clouds
126,Novikovo,RU,51.1537,37.8879,52.34,62,32,7.0,scattered clouds
127,Tigzirt,DZ,36.8886,4.1198,80.37,57,0,7.54,clear sky
128,Igboho,NG,8.8333,3.75,84.11,67,74,0.96,moderate rain
129,Asfi,MA,32.2994,-9.2372,71.17,72,88,18.1,overcast clouds
130,Kutum,SD,14.2,24.6667,87.69,18,97,7.29,overcast clouds
131,Ancud,CL,-41.8697,-73.8203,49.53,66,58,8.37,broken clouds
132,Yunyang,CN,33.4474,112.7142,74.79,77,19,1.68,light rain
133,Lata,PT,40.1629,-8.3327,69.35,42,3,13.67,clear sky
134,Goryachiy Klyuch,RU,44.6308,39.13,55.44,82,100,10.4,heavy intensity rain
135,Chimbote,PE,-9.0853,-78.5783,66.2,75,100,8.34,overcast clouds
136,Portland,US,45.5234,-122.6762,53.71,89,40,0.0,scattered clouds
137,Cabo San Lucas,MX,22.8909,-109.9124,84.51,74,20,6.91,few clouds
138,Russell,US,32.3502,-85.1999,75.9,84,20,4.61,few clouds
139,Henties Bay,NA,-22.116,14.2845,58.86,76,5,11.97,clear sky
140,Reconquista,AR,-29.15,-59.65,66.94,27,76,15.5,broken clouds
141,La Ronge,CA,55.1001,-105.2842,52.05,54,40,4.61,scattered clouds
142,Ushirombo,TZ,-3.4919,31.9639,81.77,41,98,10.09,overcast clouds
143,Bafilo,TG,9.35,1.2667,84.42,59,86,2.13,overcast clouds
144,Saint-Philippe,RE,-21.3585,55.7679,74.79,80,25,16.55,scattered clouds
145,San Patricio,US,28.017,-97.5169,81.05,74,60,5.77,broken clouds
146,Kununurra,AU,-15.7667,128.7333,82.38,65,42,3.44,scattered clouds
147,Lamu,KE,-2.2717,40.902,79.02,78,47,13.11,scattered clouds
148,Joshimath,IN,30.5667,79.5667,66.22,91,77,0.36,broken clouds
149,Carnarvon,AU,-24.8667,113.6333,64.47,77,0,17.27,clear sky
150,Taoudenni,ML,22.6783,-3.9836,108.0,6,45,6.44,scattered clouds
151,Chokurdakh,RU,70.6333,147.9167,24.03,96,100,9.75,overcast clouds
152,Dobson,US,36.3957,-80.7226,77.4,84,78,4.99,broken clouds
153,Altamira,BR,-3.2033,-52.2064,87.89,66,75,9.22,broken clouds
154,Ilulissat,GL,69.2167,-51.1,28.42,59,80,6.91,broken clouds
155,Martapura,ID,-3.4167,114.85,77.09,100,90,2.3,overcast clouds
156,Birao,CF,10.2849,22.7882,88.3,53,52,2.86,broken clouds
157,Taitung,TW,22.7583,121.1444,78.37,67,0,9.64,clear sky
158,Zelenogradsk,RU,54.9589,20.4767,62.65,67,0,13.42,clear sky
159,Coolum Beach,AU,-26.5333,153.1,70.11,91,1,7.43,light rain
160,Whitehorse,CA,60.7161,-135.0538,30.31,92,100,5.99,overcast clouds
161,Winchester,GB,51.0651,-1.3187,61.27,72,40,5.99,scattered clouds
162,Senneterre,CA,48.3835,-77.2328,55.71,62,0,5.1,clear sky
163,Ponta Do Sol,PT,32.6667,-17.1,82.0,73,26,0.76,scattered clouds
164,Chau Doc,VN,10.7,105.1167,80.94,80,99,3.42,overcast clouds
165,Dosso,NE,13.049,3.1937,98.67,26,40,5.03,scattered clouds
166,Saint Anthony,US,45.0205,-93.218,62.78,87,1,5.01,clear sky
167,Mezen,RU,65.8522,44.24,45.39,94,100,6.17,overcast clouds
168,Panama City,PA,8.9936,-79.5197,88.43,73,40,9.22,scattered clouds
169,Bethel,US,41.3712,-73.414,73.56,71,1,0.0,clear sky
170,Cairns,AU,-16.9167,145.7667,73.35,92,100,0.0,overcast clouds
171,Tiksi,RU,71.6872,128.8694,26.02,91,86,12.35,overcast clouds
172,Kodiak,US,57.79,-152.4072,38.71,60,75,11.5,volcanic ash
173,Khatanga,RU,71.9667,102.5,17.65,95,94,8.55,overcast clouds
174,Joensuu,FI,62.6012,29.7632,52.29,70,0,13.8,clear sky
175,Severodvinsk,RU,64.5635,39.8302,51.91,86,97,6.4,overcast clouds
176,Saint George,US,37.1041,-113.5841,73.35,31,1,0.0,clear sky
177,Port Keats,AU,-14.25,129.55,79.3,85,100,8.61,overcast clouds
178,Paita,PE,-5.0892,-81.1144,68.5,71,42,11.45,scattered clouds
179,Faya,SA,18.3851,42.4509,69.91,53,100,6.17,overcast clouds
180,Teahupoo,PF,-17.8333,-149.2667,67.96,76,10,8.57,light rain
181,Yar-Sale,RU,66.8333,70.8333,33.01,71,99,6.11,overcast clouds
182,Jibuti,DJ,11.5,42.5,87.22,37,90,11.27,overcast clouds
183,Labuhan,ID,-6.8844,112.2051,79.95,69,62,10.25,light rain
184,Dabat,ET,12.9842,37.765,57.18,82,99,4.54,light rain
185,Ozinki,RU,51.1786,49.6769,52.83,49,100,6.13,overcast clouds
186,Lagoa,PT,39.05,-27.9833,70.95,89,100,11.18,overcast clouds
187,Mount Gambier,AU,-37.8333,140.7667,50.47,87,46,12.21,scattered clouds
188,Leningradskiy,RU,69.3833,178.4167,16.27,83,85,4.29,overcast clouds
189,Beloha,MG,-25.1667,45.05,77.36,56,11,9.71,few clouds
190,Zholymbet,KZ,51.7433,71.7122,38.86,89,100,6.76,overcast clouds
191,Bambous Virieux,MU,-20.3428,57.7575,73.22,94,75,10.36,light rain
192,Ranong,TH,9.9658,98.6348,78.55,83,48,3.27,scattered clouds
193,Saldanha,ZA,-33.0117,17.9442,58.05,66,3,17.65,clear sky
194,North Bend,US,43.4065,-124.2243,48.94,100,90,4.61,fog
195,Oga,IT,46.4631,10.347,53.64,75,94,9.13,overcast clouds
196,Meulaboh,ID,4.1363,96.1285,77.58,79,2,3.06,clear sky
197,Port Alfred,ZA,-33.5906,26.891,60.94,57,55,17.52,broken clouds
198,Luena,AO,-11.7833,19.9167,78.26,47,100,6.51,overcast clouds
199,Tshikapa,CD,-6.4167,20.8,82.0,68,100,1.61,light rain
200,Paducah,US,37.0834,-88.6001,73.62,83,40,9.22,scattered clouds
201,Vaitape,PF,-16.5167,-151.75,77.74,75,4,7.74,light rain
202,Rawson,AR,-43.3002,-65.1023,56.28,37,1,12.06,clear sky
203,Iqaluit,CA,63.7506,-68.5145,37.13,74,75,0.0,broken clouds
204,Hinesville,US,31.8469,-81.5959,80.49,80,1,0.0,clear sky
205,Nome,US,64.5011,-165.4064,24.87,80,1,5.75,clear sky
206,Kangaatsiaq,GL,68.3065,-53.4641,29.41,71,96,10.78,overcast clouds
207,Hilo,US,19.7297,-155.09,71.33,85,90,4.61,overcast clouds
208,Tondano,ID,1.3038,124.9112,69.89,93,98,2.51,overcast clouds
209,Kaeo,NZ,-35.1,173.7833,62.33,97,100,13.11,light rain
210,Clyde River,CA,70.4692,-68.5914,38.41,77,91,3.62,overcast clouds
211,Bowen,AU,-20.0167,148.2333,74.52,94,6,6.4,clear sky
212,Tarrafal,CV,15.2833,-23.7667,90.39,78,82,10.07,broken clouds
213,Lavrentiya,RU,65.5833,-171.0,23.97,75,88,4.27,overcast clouds
214,Gold Coast,AU,-28.0,153.4333,66.99,88,1,4.52,clear sky
215,Impfondo,CG,1.6381,18.0667,82.69,66,90,0.69,overcast clouds
216,Muisne,EC,0.6,-80.0333,80.71,80,96,10.65,overcast clouds
217,Port Blair,IN,11.6667,92.75,81.27,80,46,5.7,scattered clouds
218,Sitka,US,57.0531,-135.33,39.09,87,90,5.75,light rain
219,Mogadishu,SO,2.0371,45.3438,78.94,81,18,16.55,few clouds
220,Phulera,IN,26.8667,75.2333,85.86,57,98,8.19,overcast clouds
221,Selizharovo,RU,56.8519,33.4487,45.61,78,100,4.54,light rain
222,Yarim,YE,14.298,44.3779,61.3,59,95,1.21,overcast clouds
223,Evensk,RU,61.95,159.2333,41.52,63,100,19.95,overcast clouds
224,Pedernales,DO,18.0384,-71.744,84.92,61,100,14.67,overcast clouds
225,Dikson,RU,73.5069,80.5464,34.52,98,100,24.29,overcast clouds
226,Baghdad,IQ,33.3406,44.4009,93.11,21,0,5.75,clear sky
227,Aldan,RU,58.6031,125.3894,21.99,94,72,3.02,broken clouds
228,Taklisah,TN,36.7833,10.6333,84.61,60,0,19.42,clear sky
229,At-Bashi,KG,41.1702,75.8106,46.96,67,93,4.41,overcast clouds
230,Aklavik,CA,68.2191,-135.0107,34.63,100,90,14.97,light intensity drizzle
231,Saint-Francois,FR,46.4154,3.9054,57.47,94,75,6.91,broken clouds
232,Cacequi,BR,-29.8836,-54.825,67.3,75,98,12.46,overcast clouds
233,Limbazi,LV,57.5129,24.7194,59.04,60,22,11.56,few clouds
234,Georgetown,MY,5.4112,100.3354,84.88,83,20,2.3,few clouds
235,Kambove,CD,-10.8764,26.5969,73.13,61,82,8.32,light rain
236,East London,ZA,-33.0153,27.9116,59.94,72,20,14.97,few clouds
237,Port Hardy,CA,50.6996,-127.4199,48.2,79,18,0.67,few clouds
238,Saint-Ambroise,CA,48.5501,-71.3324,54.57,55,55,4.03,broken clouds
239,Srednekolymsk,RU,67.45,153.6833,22.08,96,99,2.77,overcast clouds
240,Luang Prabang,LA,19.8856,102.1347,76.06,85,50,1.95,scattered clouds
241,Hambantota,LK,6.1241,81.1185,81.37,79,6,15.32,clear sky
242,Hualmay,PE,-11.0964,-77.6139,64.78,77,78,9.24,broken clouds
243,Asau,RO,46.4333,26.4,60.76,57,93,4.25,overcast clouds
244,Souillac,MU,-20.5167,57.5167,73.36,94,75,10.36,broken clouds
245,Ust-Kuyga,RU,70.0167,135.6,22.17,97,100,2.19,light snow
246,Acarau,BR,-2.8856,-40.12,88.93,56,4,21.81,clear sky
247,Lompoc,US,34.6391,-120.4579,72.79,76,1,0.0,clear sky
248,Katsuura,JP,35.1333,140.3,71.71,80,2,9.33,clear sky
249,Ahipara,NZ,-35.1667,173.1667,61.25,96,100,14.29,overcast clouds
250,Weiser,US,44.251,-116.9693,43.0,39,33,2.75,scattered clouds
251,Urucara,BR,-2.5364,-57.76,92.79,47,86,5.35,overcast clouds
252,Grand Gaube,MU,-20.0064,57.6608,73.38,72,3,11.01,clear sky
253,Hobyo,SO,5.3505,48.5268,79.81,81,43,21.07,scattered clouds
254,Conakry,GN,9.538,-13.6773,88.36,74,40,11.5,light rain
255,San Angelo,US,31.4638,-100.437,73.29,83,1,1.99,clear sky
256,Santa Barbara,US,34.7333,-120.0343,72.82,15,0,5.86,clear sky
257,Vao,NC,-22.6667,167.4833,71.19,92,2,5.88,clear sky
258,Podgornoye,RU,51.735,39.1496,52.02,66,75,4.47,broken clouds
259,Bonavista,CA,48.6499,-53.1147,60.12,85,89,6.44,overcast clouds
260,Nelson Bay,AU,-32.7167,152.15,65.08,79,39,8.28,scattered clouds
261,Geraldton,AU,-28.7667,114.6,50.41,87,0,6.91,clear sky
262,San Quintin,MX,30.4833,-115.95,76.06,46,96,3.24,overcast clouds
263,Vila Velha,BR,-20.3297,-40.2925,84.15,61,75,18.41,broken clouds
264,Palmares Do Sul,BR,-30.2578,-50.5097,67.75,81,100,7.63,overcast clouds
265,Severo-Kurilsk,RU,50.6789,156.125,47.64,87,73,43.33,broken clouds
266,Atar,MR,20.5169,-13.0499,106.27,4,3,9.64,clear sky
267,Neiafu,TO,-18.65,-173.9833,75.88,94,40,9.22,light rain
268,Namibe,AO,-15.1961,12.1522,67.14,67,6,9.82,clear sky
269,Qaanaaq,GL,77.484,-69.3632,31.75,97,100,10.4,light snow
270,Ahvaz,IR,31.3203,48.6693,94.95,18,0,2.3,clear sky
271,Kamaishi,JP,39.2667,141.8833,63.14,87,1,9.28,clear sky
272,Pervomayskiy,RU,53.2485,40.2871,42.13,62,18,6.06,few clouds
273,Susanville,US,40.4163,-120.653,44.44,42,1,3.44,clear sky
274,Oranjemund,NA,-28.55,16.4333,58.87,57,0,28.32,clear sky
275,Tuatapere,NZ,-46.1333,167.6833,45.82,92,100,3.36,overcast clouds
276,Shenjiamen,CN,29.9576,122.298,76.84,85,0,17.92,clear sky
277,Rimavska Sobota,SK,48.3828,20.0224,63.19,49,100,4.25,overcast clouds
278,Gatton,AU,-27.55,152.2833,68.34,41,0,1.66,clear sky
279,San Borja,BO,-14.8167,-66.85,92.21,44,58,7.14,broken clouds
280,Caravelas,BR,-17.7125,-39.2481,84.76,58,1,14.03,clear sky
281,Toora-Khem,RU,52.4675,96.11,29.57,56,95,2.26,overcast clouds
282,Kabalo,CD,-6.05,26.9167,83.34,56,100,4.52,overcast clouds
283,Port Elizabeth,ZA,-33.918,25.5701,60.1,63,20,16.11,few clouds
284,Ravar,IR,31.2656,56.8055,76.91,19,1,6.11,clear sky
285,Puro,PH,12.4841,123.3827,79.21,89,100,7.96,moderate rain
286,Lebu,CL,-37.6167,-73.65,52.47,66,36,20.42,scattered clouds
287,Port-Gentil,GA,-0.7193,8.7815,82.36,78,75,13.8,broken clouds
288,San Cristobal,VE,7.7669,-72.225,82.58,75,98,5.39,overcast clouds
289,San Isidro,PE,-12.1167,-77.05,62.19,77,90,5.99,overcast clouds
290,Mehamn,NO,71.0357,27.8492,49.95,66,20,28.77,few clouds
291,Vilyuysk,RU,63.7553,121.6247,27.81,71,19,2.46,few clouds
292,Erzin,TR,36.9559,36.2,82.92,59,0,10.16,clear sky
293,Provideniya,RU,64.3833,-173.3,26.37,74,89,0.69,overcast clouds
294,Mopti,ML,14.6667,-4.0,91.44,58,0,4.61,clear sky
295,Mbanza-Ngungu,CD,-5.25,14.8667,84.99,45,86,6.38,overcast clouds
296,Muravlenko,RU,63.7898,74.523,27.72,89,93,9.01,overcast clouds
297,Granja,BR,-3.1203,-40.8261,99.68,25,7,9.1,clear sky
298,Ulaanbaatar,MN,47.9077,106.8832,24.93,80,20,4.47,few clouds
299,Kolyvan,RU,55.3053,82.7391,34.05,93,100,7.0,overcast clouds
300,Santa Quiteria,BR,-4.3319,-40.1567,97.74,22,2,9.37,clear sky
301,Tucuman,AR,-26.8241,-65.2226,53.6,82,90,4.61,overcast clouds
302,Rio Gallegos,AR,-51.6226,-69.2181,55.45,33,40,16.11,scattered clouds
303,Hun,LY,29.1268,15.9477,88.47,23,0,7.4,clear sky
304,Nioro,GM,13.35,-15.75,91.26,52,47,5.06,scattered clouds
305,Mount Isa,AU,-20.7333,139.5,82.17,17,7,5.75,light rain
306,Lorengau,PG,-2.0226,147.2712,79.72,79,2,2.71,clear sky
307,Churapcha,RU,62.0025,132.4325,28.2,82,57,4.74,broken clouds
308,Phalodi,IN,27.1333,72.3667,91.62,41,3,11.3,clear sky
309,Udarnyy,RU,54.3409,42.8611,46.98,66,83,4.38,broken clouds
310,Dois Vizinhos,BR,-25.7336,-53.0572,63.16,98,100,1.59,moderate rain
311,Komsomolskiy,UZ,40.4272,71.7189,58.42,67,75,2.3,broken clouds
312,Montepuez,MZ,-13.1256,38.9997,89.11,24,6,8.55,clear sky
313,Pimentel,PE,-6.8367,-79.9342,65.98,77,95,12.39,overcast clouds
314,Chuy,UY,-33.6971,-53.4616,62.46,63,98,9.48,overcast clouds
315,Vanavara,RU,60.34,102.2797,35.01,86,100,4.72,overcast clouds
316,Bolpur,IN,23.6667,87.7167,85.44,83,69,1.28,broken clouds
317,Wad Madani,SD,14.4012,33.5199,99.72,17,46,3.8,scattered clouds
318,Hauterive,FR,46.0901,3.4459,57.96,95,100,3.06,overcast clouds
319,Basco,PH,20.4487,121.9702,83.53,77,75,21.03,broken clouds
320,Sinnamary,GF,5.3833,-52.95,83.52,76,9,8.05,clear sky
321,Sambava,MG,-14.2667,50.1667,74.82,81,7,9.91,clear sky
322,Bereznik,RU,62.8551,42.7072,43.43,92,100,3.91,overcast clouds
323,Vangaindrano,MG,-23.35,47.6,73.36,82,0,12.91,clear sky
324,Wagar,SD,16.1525,36.2032,99.43,24,32,2.48,scattered clouds
325,Kitui,KE,-1.367,38.0106,78.06,40,100,12.3,overcast clouds
326,Armeria,MX,18.9333,-103.9667,85.77,74,85,3.04,overcast clouds
327,Porto Novo,BJ,6.4965,2.6036,87.62,65,99,9.86,overcast clouds
328,Kuusamo,FI,65.9667,29.1833,48.24,76,0,10.36,clear sky
329,Boende,CD,-0.2167,20.8667,75.27,92,100,1.95,light rain
330,Yerofey Pavlovich,RU,53.9667,121.9667,30.31,74,6,3.89,clear sky
331,Hwange,ZW,-18.3693,26.5019,90.63,27,95,6.87,overcast clouds
332,Batsfjord,NO,70.6345,29.7185,50.22,76,0,39.12,clear sky
333,Berbera,SO,10.4396,45.0143,90.43,64,94,9.57,overcast clouds
334,Gushikawa,JP,26.3544,127.8686,81.63,66,20,10.36,few clouds
335,Karratha,AU,-20.7377,116.8463,72.93,57,0,12.91,clear sky
336,Umm Lajj,SA,25.0213,37.2685,83.14,68,5,16.35,clear sky
337,Socorro,US,31.6546,-106.3033,73.45,46,40,6.91,scattered clouds
338,Timra,SE,62.487,17.3257,51.51,96,90,20.71,moderate rain
339,Guaymas,MX,27.9333,-110.9,76.89,73,20,0.0,few clouds
340,Cayenne,GF,4.9333,-52.3333,91.44,72,75,5.01,broken clouds
341,Vorukh,TJ,39.8494,70.5838,52.16,71,93,4.09,overcast clouds
342,Baiao,BR,-2.7906,-49.6717,83.52,64,100,3.15,light rain
343,Knyaze-Volkonskoye,RU,48.4642,135.4567,41.34,91,100,8.1,overcast clouds
344,Esperance,AU,-33.8667,121.9,53.1,62,6,8.05,clear sky
345,Hengshui,CN,37.7322,115.7011,67.3,97,100,4.18,light rain
346,Grindavik,IS,63.8424,-22.4338,46.35,81,75,23.02,broken clouds
347,Ketchikan,US,55.3422,-131.6461,42.78,93,75,4.61,light rain
348,Pacific Grove,US,36.6177,-121.9166,70.16,64,1,3.44,clear sky
349,Kudahuvadhoo,MV,2.6708,72.8944,83.3,75,4,15.84,clear sky
350,Dullewala,PK,31.8359,71.4362,95.47,31,0,5.12,clear sky
351,Kirakira,SB,-10.4544,161.9205,79.59,84,99,1.39,overcast clouds
352,Humaita,BR,-7.5061,-63.0208,94.98,40,27,3.69,scattered clouds
353,Yaan,NG,7.3833,8.5667,85.91,65,97,2.91,light rain
354,Jiuquan,CN,39.7432,98.5174,49.87,29,94,5.77,overcast clouds
355,Tagbac,PH,7.089,125.1567,71.92,96,100,1.39,overcast clouds
356,Victoria,HK,22.2855,114.1577,86.32,80,36,4.0,light rain
357,Pozo Colorado,PY,-23.4923,-58.7972,75.02,87,99,4.61,light rain
358,Orocue,CO,4.7912,-71.3354,86.18,65,95,10.33,overcast clouds
359,Ostrovnoy,RU,68.0531,39.5131,48.09,79,48,17.2,scattered clouds
360,Nanortalik,GL,60.1432,-45.2371,42.53,65,0,6.06,clear sky
361,Waddan,LY,29.1614,16.139,87.73,24,0,4.18,clear sky
362,Tanakpur,IN,29.0833,80.1167,76.06,88,1,4.79,clear sky
363,Belfast,GB,54.5833,-5.9333,57.38,76,20,10.36,few clouds
364,Fortuna Foothills,US,32.6578,-114.4119,74.68,28,1,0.0,clear sky
365,Hare Bay,CA,48.8499,-54.0148,55.0,79,83,4.99,broken clouds
366,Brae,GB,60.3964,-1.353,53.51,77,55,35.59,broken clouds
367,Montpelier,US,44.2601,-72.5754,60.46,57,90,0.0,mist
368,Lokosovo,RU,61.1333,74.8167,29.98,92,80,9.53,broken clouds
369,Oistins,BB,13.0667,-59.5333,89.69,62,40,24.16,scattered clouds
370,Kagalnitskaya,RU,46.8806,40.1466,59.52,41,100,14.36,overcast clouds
371,Fukue,JP,32.6881,128.8419,77.52,80,1,14.12,clear sky
372,Beawar,IN,26.1,74.3167,83.97,61,80,6.55,broken clouds
373,Touros,BR,-5.1989,-35.4608,88.7,60,46,18.88,scattered clouds
374,Lincoln,US,40.8,-96.667,66.65,66,1,3.0,clear sky
375,Abu Dhabi,AE,24.4667,54.3667,96.91,30,100,10.36,overcast clouds
376,Kiunga,PG,-6.1219,141.2906,70.05,99,83,1.66,broken clouds
377,Canon City,US,38.441,-105.2424,67.98,50,1,8.01,clear sky
378,Bilma,NE,18.6853,12.9164,98.24,12,0,6.89,clear sky
379,Orsha,BY,54.5153,30.4053,50.32,70,90,7.43,overcast clouds
380,Mao,ES,39.8885,4.2658,77.56,78,40,17.27,scattered clouds
381,Talnakh,RU,69.4865,88.3972,15.28,95,61,1.19,broken clouds
382,Weligama,LK,5.9667,80.4167,79.48,85,12,7.63,few clouds
383,Askarovo,RU,53.3372,58.5089,38.35,56,90,11.18,overcast clouds
384,Pangody,RU,65.85,74.4859,30.94,75,88,9.66,overcast clouds
385,Puerto Escondido,MX,15.85,-97.0667,85.03,65,75,0.0,broken clouds
386,Hirara,JP,24.8,125.2833,82.83,73,4,21.16,clear sky
387,Taltal,CL,-25.4,-70.4833,64.94,59,2,9.71,clear sky
388,Narsaq,GL,60.9167,-46.05,46.62,43,1,4.83,clear sky
389,Svetlogorsk,BY,52.6333,29.7333,52.48,64,59,7.61,broken clouds
390,Wasilla,US,61.5814,-149.4394,32.29,94,90,0.0,overcast clouds
391,Klaksvik,FO,62.2266,-6.589,50.92,89,100,32.48,overcast clouds
392,Musoma,TZ,-1.5,33.8,74.41,66,100,9.22,overcast clouds
393,Nicoya,CR,10.1483,-85.452,81.95,75,68,4.61,broken clouds
394,Faanui,PF,-16.4833,-151.75,77.72,75,6,7.76,light rain
395,Makakilo City,US,21.3469,-158.0858,74.68,81,1,4.61,clear sky
396,Krasnoselkup,RU,65.7,82.4667,27.01,81,100,9.37,overcast clouds
397,Adrar,MR,20.5022,-10.0711,102.2,8,11,3.38,few clouds
398,Te Anau,NZ,-45.4167,167.7167,46.58,98,100,3.76,overcast clouds
399,Coquimbo,CL,-29.9533,-71.3436,60.53,67,0,11.5,clear sky
400,Pokosnoye,RU,55.5258,101.0536,37.36,86,100,4.74,overcast clouds
401,Ygatimi,PY,-24.0833,-55.5,86.18,61,90,1.36,heavy intensity rain
402,Marrakesh,MA,31.6315,-8.0083,84.27,34,0,2.3,clear sky
403,Horqueta,PY,-23.3428,-57.0597,95.29,36,33,7.65,scattered clouds
404,Flinders,AU,-34.5833,150.8552,64.18,74,75,1.01,broken clouds
405,Xiamen,CN,24.4798,118.0819,83.25,65,0,13.42,clear sky
406,Tirumullaivasal,IN,11.2333,79.8333,82.92,76,74,5.39,broken clouds
407,Russellville,US,35.2784,-93.1338,74.21,80,90,6.91,overcast clouds
408,Najran,SA,17.4924,44.1277,88.45,27,90,4.59,overcast clouds
409,Serro,BR,-18.6047,-43.3794,90.23,32,16,6.33,few clouds
410,Gunjur,GM,13.2019,-16.7339,89.67,74,40,4.61,scattered clouds
411,Rock Springs,US,41.5875,-109.2029,49.44,37,1,0.0,clear sky
412,Andilamena,MG,-17.0167,48.5833,62.4,90,61,7.0,broken clouds
413,Beckley,US,37.7782,-81.1882,70.21,78,90,8.05,overcast clouds
414,Altay,CN,47.8667,88.1167,32.59,55,16,5.26,few clouds
415,Port Hueneme,US,34.1478,-119.1951,84.25,43,1,0.0,clear sky
416,Atyrau,KZ,47.1167,51.8833,51.82,32,0,6.71,clear sky
417,Saint-Georges,GD,12.0564,-61.7485,89.28,62,20,17.27,few clouds
418,Nouadhibou,MR,20.931,-17.0347,76.98,73,5,19.57,clear sky
419,Kurumkan,RU,54.3,110.3,35.58,80,100,3.69,overcast clouds
420,Suileng,CN,47.25,127.0833,41.7,84,98,12.53,overcast clouds
421,Comodoro Rivadavia,AR,-45.8667,-67.5,55.26,38,40,20.71,scattered clouds
422,Cheremnoye,RU,53.1697,83.2133,36.19,90,100,3.04,overcast clouds
423,Tateyama,JP,34.9833,139.8667,71.62,78,1,9.22,clear sky
424,Kiama,AU,-34.6833,150.8667,64.38,72,75,7.56,broken clouds
425,Galdar,ES,28.147,-15.6502,78.35,69,8,13.49,clear sky
426,Arapongas,BR,-23.4194,-51.4244,63.27,78,99,5.84,moderate rain
427,Conchas,BR,-23.0153,-48.0106,87.31,43,79,6.89,broken clouds
428,Norrtalje,SE,59.758,18.705,57.29,82,100,18.01,light rain
429,Pemba,MZ,-12.974,40.5178,81.3,69,20,17.27,few clouds
430,Lakatoro,VU,-16.0999,167.4164,77.54,87,13,5.99,few clouds
431,Margate,GB,51.3813,1.3862,62.31,61,16,1.99,few clouds
432,Athabasca,CA,54.7169,-113.2854,46.81,61,65,5.39,broken clouds
433,Rovaniemi,FI,66.5,25.7167,53.01,66,0,10.36,clear sky
434,Bridgeton,US,39.4273,-75.2341,76.91,88,1,1.01,clear sky
435,Honiara,SB,-9.4333,159.95,77.77,89,41,2.04,scattered clouds
436,Murupara,NZ,-38.4667,176.7,57.27,99,100,3.74,overcast clouds
437,Winslow,US,35.0242,-110.6974,51.98,76,20,0.0,few clouds
438,Shingu,JP,33.7333,135.9833,69.08,89,0,5.44,clear sky
439,Campo Verde,BR,-20.4167,-54.0667,92.41,25,11,18.54,few clouds
440,Hami,CN,42.8,93.45,52.84,30,30,4.36,scattered clouds
441,Hervey Bay,AU,-25.2986,152.8535,74.03,93,1,13.38,clear sky
442,Khandbari,NP,27.3747,87.2039,70.84,85,96,0.98,overcast clouds
443,Axim,GH,4.8699,-2.2405,82.2,73,100,10.4,overcast clouds
444,Wageningen,NL,51.9667,5.6667,56.16,91,90,6.91,overcast clouds
445,Gotsu,JP,35.0,132.2167,68.0,66,1,8.59,clear sky
446,Kpandae,GH,8.4689,-0.0113,87.4,59,85,2.04,light rain
447,Vincennes,FR,48.85,2.4333,60.57,72,90,3.0,overcast clouds
448,Salalah,OM,17.0151,54.0924,82.49,83,75,11.5,broken clouds
449,Nha Trang,VN,12.25,109.1833,82.4,88,100,4.43,overcast clouds
450,Cabano,PH,10.5869,122.7002,79.23,86,100,8.95,moderate rain
451,Chimoio,MZ,-19.1164,33.4833,75.06,83,75,9.22,haze
452,Caborca,MX,30.5838,-111.101,76.57,33,14,3.78,few clouds
453,Belyy Yar,RU,53.6039,91.3903,31.89,74,100,6.71,overcast clouds
454,Kavaratti,IN,10.5669,72.642,81.25,80,100,10.4,overcast clouds
455,Phulji,PK,26.8825,67.6807,97.03,34,10,9.13,clear sky
456,Itoman,JP,26.1247,127.6694,82.42,66,20,11.5,few clouds
457,Maniitsoq,GL,65.4167,-52.9,39.79,64,26,4.21,scattered clouds
458,Darab,IR,28.7519,54.5444,87.06,12,77,10.45,broken clouds
459,Codrington,AU,-38.2667,141.9667,51.03,90,92,19.06,overcast clouds
460,Oeiras,BR,-7.0253,-42.1311,101.66,20,5,8.1,clear sky
461,Celestun,MX,20.8667,-90.4,82.74,69,88,8.72,overcast clouds
462,Xacmaz,AZ,41.4635,48.806,60.85,70,94,6.87,overcast clouds
463,Ouegoa,NC,-20.35,164.4333,74.23,88,21,5.79,few clouds
464,Pampas,PE,-12.4,-74.9,57.88,62,66,6.22,broken clouds
465,Lodja,CD,-3.4833,23.4333,76.69,88,84,0.83,moderate rain
466,Gornopravdinsk,RU,60.05,69.9,30.76,94,89,8.32,overcast clouds
467,Freeport,US,40.6576,-73.5832,77.11,62,1,5.01,clear sky
468,Chabahar,IR,25.2919,60.643,82.92,80,99,9.71,overcast clouds
469,Csengele,HU,46.5423,19.8636,71.8,58,77,9.31,broken clouds
470,Ocos,GT,14.5094,-92.1933,90.25,78,41,4.56,scattered clouds
471,Izazi,TZ,-7.2,35.7333,94.44,17,13,9.1,few clouds
472,Wick,GB,58.4333,-3.0833,50.05,81,75,17.27,light rain
473,Khani,GE,41.9563,42.9566,51.37,98,100,2.15,light rain
474,Havelock,US,34.8791,-76.9013,80.94,66,1,5.01,clear sky
475,Grabouw,ZA,-34.1515,19.0151,58.66,67,69,8.39,broken clouds
476,Santa Maria,BR,-29.6842,-53.8069,67.3,83,75,3.44,broken clouds
477,Palana,RU,59.1167,159.9667,40.71,88,100,15.75,light rain
478,Bonthe,SL,7.5264,-12.505,84.42,66,87,8.37,overcast clouds
479,Ambanja,MG,-13.6833,48.45,78.73,63,7,6.15,clear sky
480,Mumford,GH,5.2618,-0.759,80.87,80,72,13.18,broken clouds
481,Jacareacanga,BR,-6.2222,-57.7528,94.37,37,98,4.74,overcast clouds
482,Verkhnyaya Inta,RU,65.9811,60.3094,32.41,84,77,3.65,broken clouds
483,Jesus Carranza,MX,17.4333,-95.0333,78.1,89,28,6.71,scattered clouds
484,Kabanjahe,ID,3.1001,98.4908,66.96,96,49,1.88,scattered clouds
485,Luna,PH,10.9667,123.2333,78.15,89,100,7.49,moderate rain
486,Owerri,NG,5.4833,7.0304,84.83,69,87,5.46,moderate rain
487,Plouzane,FR,48.3833,-4.6167,62.92,70,75,14.97,broken clouds
488,Sakakah,SA,29.9697,40.2064,94.57,19,0,12.5,clear sky
489,Okha,RU,53.5739,142.9478,45.43,81,100,18.79,light rain
490,Praya,CV,14.9215,-23.5087,90.14,51,20,11.5,few clouds
491,Luorong,CN,24.4058,109.6086,79.59,66,0,2.39,light rain
492,Gilleleje,DK,56.122,12.3106,62.4,81,100,1.99,light rain
493,Floro,NO,61.5996,5.0328,57.9,58,40,32.21,scattered clouds
494,Manhattan,US,40.7834,-73.9662,76.62,57,1,4.0,clear sky
495,Pacifica,US,37.6138,-122.4869,71.06,81,20,6.91,few clouds
496,Prata,BR,-19.3072,-48.9242,95.38,28,23,9.84,few clouds
497,Shirgaon,IN,19.7,72.7,82.58,85,100,6.29,overcast clouds
498,Okhotsk,RU,59.3833,143.3,33.51,76,6,19.19,clear sky
499,Campos Do Jordao,BR,-22.7394,-45.5914,77.63,36,7,8.5,clear sky
500,Baykit,RU,61.67,96.37,35.58,91,99,0.92,overcast clouds
501,San Ignacio,BZ,17.1561,-89.0714,80.74,83,40,0.0,scattered clouds
502,San Luis,AR,-33.295,-66.3356,58.78,18,0,6.62,clear sky
503,Kieta,PG,-6.2167,155.6333,79.2,84,29,3.94,scattered clouds
504,Suez,EG,29.9737,32.5263,81.97,46,0,16.87,clear sky
505,Dezhou,CN,37.4486,116.2925,68.58,98,100,5.64,light rain
506,Anadyr,RU,64.75,177.4833,36.1,93,0,0.0,clear sky
507,Nanakuli,US,21.3906,-158.1547,76.1,78,1,4.61,clear sky
508,Riyadh,SA,24.6877,46.7219,96.94,9,100,6.13,overcast clouds
509,Coruripe,BR,-10.1256,-36.1756,83.48,61,9,13.76,clear sky
510,Manono,CD,-7.3,27.4167,85.06,49,100,5.88,overcast clouds
511,Koumac,NC,-20.5667,164.2833,73.83,88,80,12.1,broken clouds
512,Andenes,NO,69.3143,16.1194,53.58,66,0,13.8,clear sky
513,Mayor Pablo Lagerenza,PY,-19.9309,-60.7718,94.87,36,100,12.97,overcast clouds
514,Karuzi,BI,-3.125,30.1333,63.16,89,99,2.3,moderate rain
515,Ayr,GB,55.4627,-4.6339,55.49,76,40,17.27,light rain
516,Souris,CA,49.6172,-100.2612,65.73,34,97,8.43,overcast clouds
517,Noumea,NC,-22.2763,166.4572,73.38,89,79,1.5,broken clouds
518,Tautira,PF,-17.7333,-149.15,73.42,75,10,8.25,light rain
519,Cabedelo,BR,-6.9811,-34.8339,86.67,58,20,15.86,few clouds
520,Bardsir,IR,29.9227,56.5743,73.45,22,6,7.92,clear sky
521,Itarema,BR,-2.9248,-39.9167,88.75,55,2,20.29,clear sky
522,Alta Floresta,BR,-9.8756,-56.0861,89.42,48,0,8.05,clear sky
523,Jishou,CN,28.3167,109.7167,75.29,70,0,2.26,clear sky
524,Varberg,SE,57.1056,12.2508,61.25,92,100,27.02,light rain
525,Sungairaya,ID,0.7,108.9,80.29,77,100,1.7,overcast clouds
526,Dauphin,CA,51.1494,-100.0502,51.94,71,1,3.44,haze
527,Northam,GB,51.0333,-4.2167,59.61,78,32,19.46,scattered clouds
528,Kendari,ID,-3.945,122.4989,75.25,92,7,4.0,clear sky
529,Constitucion,CL,-35.3333,-72.4167,56.39,49,0,13.58,clear sky
530,Tanete,ID,-3.9443,119.7848,75.61,92,89,1.83,light rain
531,Pulandian,CN,39.3953,121.9669,73.53,95,100,5.06,light rain
532,Berlevag,NO,70.8578,29.0864,50.0,76,86,33.53,overcast clouds
533,Bollnas,SE,61.3482,16.3946,56.12,98,100,15.01,overcast clouds
534,Mwingi,KE,-0.9344,38.0601,80.73,38,97,11.74,overcast clouds
535,Hibbing,US,47.4272,-92.9377,60.85,94,90,6.91,overcast clouds
536,Castelldefels,ES,41.2779,1.9703,79.54,79,20,8.01,few clouds
537,Springfield,US,37.2153,-93.2982,66.06,92,90,4.0,overcast clouds
538,Kuruman,ZA,-27.4524,23.4325,72.0,10,0,9.13,clear sky
539,San Joaquin,US,37.9333,-121.3011,71.47,66,1,0.0,clear sky
540,Cap Malheureux,MU,-19.9842,57.6142,73.47,71,2,10.0,clear sky
541,Tabou,CI,4.423,-7.3528,80.26,79,100,7.94,light rain
542,Ouesso,CG,1.6136,16.0517,75.54,90,99,3.56,overcast clouds
543,Rodrigues Alves,BR,-7.738,-72.6509,89.8,56,12,3.38,few clouds
544,Mareeba,AU,-17.0,145.4333,68.72,95,70,0.27,broken clouds
545,Kjollefjord,NO,70.9457,27.3465,49.82,66,20,28.77,few clouds
546,Mlonggo,ID,-6.5333,110.7,76.51,69,97,10.2,overcast clouds
547,Gimli,CA,50.6336,-96.9907,53.62,82,87,1.14,overcast clouds
548,Praia Da Vitoria,PT,38.7333,-27.0667,75.76,88,40,9.28,scattered clouds
549,Polson,US,47.6936,-114.1632,50.72,68,5,4.23,clear sky
550,Cotonou,BJ,6.3654,2.4183,87.78,70,40,12.66,thunderstorm
551,Redlands,US,34.0556,-117.1825,81.27,24,14,3.56,few clouds
552,Miranda,CO,3.2499,-76.2281,80.65,66,38,5.26,scattered clouds
553,Baturaja,ID,-4.1333,104.1667,76.91,85,93,1.86,overcast clouds
554,Balad,IQ,34.0164,44.1453,93.13,14,0,12.93,clear sky
555,Feijo,BR,-8.1642,-70.3536,93.97,42,6,4.07,clear sky
556,Fritzlar,DE,51.1333,9.2833,72.05,46,75,21.85,light rain
557,Talcahuano,CL,-36.7167,-73.1167,55.08,54,0,11.5,clear sky
558,Navolato,MX,24.7672,-107.6944,82.13,80,100,3.62,overcast clouds
559,Hudson Bay,CA,52.85,-102.3842,57.29,38,23,7.52,few clouds
560,Necochea,AR,-38.5473,-58.7368,53.04,53,6,25.03,clear sky
561,Antalaha,MG,-14.9003,50.2788,73.74,83,12,8.61,few clouds
562,Kenora,CA,49.8167,-94.4337,53.58,100,90,6.91,mist
563,Honavar,IN,14.2833,74.45,79.95,90,89,1.86,overcast clouds
564,Denpasar,ID,-8.65,115.2167,78.46,83,20,1.14,few clouds
565,Palmer,US,42.1584,-72.3287,72.64,69,90,0.0,overcast clouds
566,Patacamaya,BO,-17.2333,-67.9167,58.46,20,16,3.6,few clouds
567,Tessalit,ML,20.1986,1.0114,100.85,8,58,14.5,broken clouds
568,Alofi,NU,-19.0595,-169.9187,73.29,94,98,11.5,light rain
569,Sandakan,MY,5.8402,118.1179,74.88,100,20,3.44,few clouds
570,Moron,AR,-34.6534,-58.6198,60.03,35,0,5.99,clear sky
571,Grand-Santi,GF,4.25,-54.3833,91.98,44,17,4.61,few clouds
572,Mandiana,GN,10.6333,-8.6833,88.75,51,38,2.55,scattered clouds
573,Sobolevo,RU,54.4299,31.8996,48.97,73,97,6.42,overcast clouds
574,Yatou,CN,37.15,122.3833,73.71,91,100,22.35,moderate rain
575,Sanlucar La Mayor,ES,37.3871,-6.2011,72.64,62,98,5.99,overcast clouds
576,Bilibino,RU,68.0546,166.4372,17.13,98,97,2.51,overcast clouds
577,Nizhnyaya Tavda,RU,57.6731,66.1725,33.17,77,100,8.75,overcast clouds
578,Goure,NE,13.9835,10.2704,98.02,12,0,8.01,clear sky
579,Son La,VN,21.3167,103.9,70.48,96,99,3.15,overcast clouds
580,Sam Chuk,TH,14.7576,100.0899,80.24,82,100,3.29,light rain
581,Wexford,IE,52.3342,-6.4575,60.22,68,71,18.52,broken clouds
582,Altamont,US,42.2068,-121.7372,52.79,73,1,4.61,clear sky
583,Pontianak,ID,-0.0333,109.3333,76.98,94,20,0.0,few clouds
584,Sidi Ali,DZ,36.0998,0.4206,73.67,57,57,15.01,broken clouds
585,Concordia,AR,-31.393,-58.0209,59.07,53,0,21.99,clear sky
586,Zlotoryja,PL,51.1264,15.9198,68.68,53,31,10.65,scattered clouds
587,Lichuan,CN,30.3,108.85,67.6,74,8,9.55,clear sky
588,Tonj,SS,7.2737,28.6822,81.45,74,86,2.89,light rain
589,Bati,ET,11.1833,40.0167,75.29,42,64,4.74,broken clouds
590,Odweyne,SO,9.4092,45.064,82.44,43,79,3.27,broken clouds
591,Kudat,MY,6.8837,116.8477,80.53,83,20,5.75,few clouds
592,Grants,US,35.1473,-107.8514,56.77,55,92,3.06,overcast clouds
593,Ambikapur,IN,23.1167,83.2,75.54,83,69,3.85,light rain
594,Tual,ID,-5.6667,132.75,81.19,66,100,8.7,overcast clouds
595,Kyshtovka,RU,56.555,76.6271,32.22,88,99,5.08,overcast clouds
596,Mormugao,IN,15.4,73.8,81.72,83,69,5.66,broken clouds
597,Rudnichnyy,RU,59.617,52.4703,33.71,82,27,4.85,scattered clouds
598,Ust-Maya,RU,60.4167,134.5333,27.54,93,80,4.41,broken clouds
599,Dir,PK,35.2058,71.8756,64.89,85,1,2.21,clear sky
600,Peniche,PT,39.3558,-9.3811,71.62,62,0,18.72,clear sky
601,Vestmanna,FO,62.1564,-7.1664,49.12,87,75,27.63,light intensity drizzle
602,Capari,MK,41.0561,21.1783,58.66,42,100,2.1,overcast clouds
603,Rapid Valley,US,44.0625,-103.1463,71.38,35,1,0.0,clear sky
604,Tomatlan,MX,19.9333,-105.25,79.74,75,99,2.24,overcast clouds
605,Knysna,ZA,-34.0363,23.0471,59.38,60,13,10.07,few clouds
606,Fairbanks,US,64.8378,-147.7164,34.61,96,90,5.75,light snow
607,Oussouye,SN,12.485,-16.5469,93.38,61,95,8.39,moderate rain
608,Petaluma,US,38.2324,-122.6367,71.38,56,3,1.88,clear sky
609,Saint-Pierre,RE,-21.3393,55.4781,74.88,69,20,6.91,few clouds
610,Princeton,US,25.5384,-80.4089,87.03,68,90,10.36,overcast clouds
611,Sinegorye,RU,62.0788,150.477,25.23,93,100,6.78,light snow
612,Mezhdurechensk,RU,53.6942,88.0603,30.65,96,97,2.86,overcast clouds
613,Baft,IR,29.234,56.6057,69.62,16,5,8.72,clear sky
614,Katobu,ID,-4.9408,122.5276,74.89,90,10,1.99,clear sky
615,Mongagua,BR,-24.0931,-46.6208,89.44,87,95,2.46,overcast clouds
616,Manyana,BW,-23.4,21.7167,78.31,7,0,7.74,clear sky
617,Gazli,UZ,40.1333,63.45,59.43,21,0,11.45,clear sky
618,Tahe,CN,52.3333,124.7333,30.52,79,1,3.06,clear sky
619,Mercedes,AR,-34.6515,-59.4307,59.86,37,0,15.05,clear sky
620,Ciudad Bolivar,VE,8.1222,-63.5497,88.65,53,98,11.25,overcast clouds
621,Butajira,ET,8.1167,38.3667,62.28,85,67,2.33,light rain
622,Carutapera,BR,-1.195,-46.02,89.71,50,64,11.92,broken clouds
623,Joao Pinheiro,BR,-17.7425,-46.1725,93.58,25,15,9.75,few clouds
624,Richards Bay,ZA,-28.783,32.0377,61.12,82,100,9.06,light rain
625,Alaca,TR,40.1683,34.8425,60.08,42,9,7.78,clear sky
626,Alexandria,EG,31.2156,29.9553,75.87,59,0,15.48,clear sky
627,Sakaiminato,JP,35.55,133.2333,66.18,82,20,5.75,few clouds
628,Barabai,ID,-2.5833,115.3833,74.41,97,99,1.66,overcast clouds
629,Los Llanos De Aridane,ES,28.6585,-17.9182,77.13,82,40,14.97,scattered clouds
630,Sisimiut,GL,66.9395,-53.6735,37.26,66,96,5.21,overcast clouds
631,Saint-Augustin,CA,51.226,-58.6502,44.64,80,100,8.3,overcast clouds
632,Deshnok,IN,27.7986,73.3447,90.61,40,0,9.84,clear sky
633,Gijon,ES,43.5357,-5.6615,66.0,53,15,11.99,few clouds
634,Sao Gabriel Da Cachoeira,BR,-0.1303,-67.0892,87.6,70,20,9.22,few clouds
635,Gorin,RU,51.1983,136.6669,35.33,63,41,4.36,scattered clouds
636,Abu Samrah,SY,35.3029,37.1841,75.4,42,0,20.51,clear sky
637,Aswan,EG,24.0934,32.907,92.35,19,4,13.51,clear sky
638,Koutsouras,GR,35.0339,25.9469,73.11,47,5,14.2,clear sky
639,Wajid,SO,3.8093,43.2471,91.54,31,99,11.12,overcast clouds
640,Marjamaa,EE,58.9039,24.4306,58.55,84,68,11.43,broken clouds
641,Harper,LR,4.375,-7.7169,81.09,76,100,8.41,light rain
642,Miraflores,MX,19.2167,-98.8083,61.56,77,38,2.84,scattered clouds
643,Jimma,ET,7.6667,36.8333,63.82,92,89,1.3,moderate rain
644,Husavik,IS,66.0449,-17.3389,46.31,91,100,13.51,overcast clouds
645,San Andres,CO,12.5847,-81.7006,87.82,70,75,11.5,broken clouds
646,La Palma,US,33.8464,-118.0467,83.97,60,20,0.0,few clouds
647,Luanda,AO,-8.8368,13.2343,78.8,69,40,9.22,scattered clouds
648,Shetpe,KZ,44.1667,52.1167,58.69,24,100,10.07,overcast clouds
649,Hopewell,US,37.3043,-77.2872,80.22,75,73,4.41,broken clouds
650,Naples,IT,40.8333,14.25,77.5,70,20,1.01,few clouds
651,New Castle,US,41.0037,-80.347,70.99,89,90,4.61,overcast clouds
652,Mizan Teferi,ET,6.9833,35.5833,64.11,98,85,0.96,light rain
653,Viet Tri,VN,21.3019,105.4308,82.35,81,22,7.05,few clouds
654,Morant Bay,JM,17.8815,-76.4093,87.42,68,8,11.56,clear sky
655,Portel,BR,-1.9356,-50.8211,79.92,79,100,1.88,overcast clouds
656,Mildura,AU,-34.2,142.15,52.07,66,0,5.75,clear sky
657,Ixtapa,MX,20.7,-105.2,82.22,74,20,3.44,few clouds
658,Nuuk,GL,64.1835,-51.7216,39.81,52,1,14.97,clear sky
659,Pentecoste,BR,-3.7928,-39.2703,81.68,34,6,11.41,clear sky
660,Puerto Leguizamo,CO,-0.1934,-74.7819,89.24,52,25,4.68,scattered clouds
661,Ko Samui,TH,9.5357,99.9357,84.51,69,89,7.96,overcast clouds
662,Luziania,BR,-16.2525,-47.9503,89.98,30,26,10.63,scattered clouds
663,Onguday,RU,50.75,86.15,30.97,68,99,3.51,overcast clouds
664,Talavera De La Reina,ES,39.9635,-4.8308,64.62,64,85,9.26,overcast clouds
665,Nampa,US,43.5407,-116.5635,60.35,58,1,5.75,clear sky
666,Likhovskoy,RU,48.1519,40.1792,52.0,39,4,9.26,clear sky
667,Golden Gate,US,26.1879,-81.6951,86.99,69,1,3.0,clear sky
668,Ilheus,BR,-14.7889,-39.0494,84.02,74,40,9.22,scattered clouds
669,Dori,BF,14.0354,-0.0345,102.02,10,3,7.78,clear sky
670,Kharsawan,IN,22.8,85.8333,77.72,86,27,4.05,scattered clouds
671,Villa Del Rosario,CO,7.8339,-72.4742,88.18,51,20,8.05,few clouds
672,Nevesinje,BA,43.2586,18.1133,68.81,43,22,7.2,few clouds
673,San Antonio,US,29.4241,-98.4936,83.1,74,1,3.44,clear sky
674,Yumen,CN,40.2833,97.2,45.61,32,97,13.51,overcast clouds
675,Sunagawa,JP,43.4864,141.9056,64.33,78,98,17.94,overcast clouds
676,Zverinogolovskoye,RU,54.4586,64.8542,33.17,82,95,9.04,overcast clouds
677,Watertown,US,42.3709,-71.1828,69.01,85,90,1.01,overcast clouds
678,Changchun,CN,43.88,125.3228,53.15,62,100,5.14,overcast clouds
679,Chicla,PE,-11.705,-76.2686,54.21,47,80,2.71,broken clouds
680,Hamilton,US,39.1834,-84.5333,72.0,93,90,1.99,mist
681,Mackenzie,CA,55.2999,-123.1698,38.53,54,31,8.41,scattered clouds
682,Sibut,CF,5.718,19.0739,76.24,89,86,3.96,light rain
683,Calama,CL,-22.4667,-68.9333,70.29,5,0,12.66,clear sky
684,Prince Rupert,CA,54.3161,-130.3201,46.09,78,75,9.22,light rain
